{"cameraMode":{"drawMode":0,"name":"Shaded","section":"Shading Mode"},"sceneLighting":true,"audioPlay":false,"sceneViewState":{"m_AlwaysRefresh":false,"showFog":true,"showSkybox":true,"showFlares":true,"showImageEffects":true,"showParticleSystems":true,"showVisualEffectGraphs":true,"m_FxEnabled":true},"in2DMode":false,"pivot":{"x":0.01994534581899643,"y":-4.928830623626709,"z":2.03169846534729},"rotation":{"x":-0.31523779034614565,"y":0.006828358396887779,"z":-0.0022720606066286566,"w":-0.949005126953125},"size":12.96241283416748,"orthographic":false}